HOSPITAL_NAME,COPD_COUNT,PCT_OF_COPD_CASES_OVER_BEDS,AVG_SCORE,AVG_RISK
BJC,184,9.2,4.2771739130434785,60.10326086956522
BJC WEST COUNTY,171,17.1,3.982456140350877,62.49707602339181
MISSOURI BAPTIST,161,20.125,3.987577639751553,61.59627329192546
SAINT LOUIS UNIVERSITY,164,16.400000000000002,4.390243902439025,59.40853658536585
ST.MARY'S,156,31.2,4.121794871794871,61.294871794871796
ST.LUKE'S,164,20.5,4.2073170731707314,60.78658536585366
